Qator,F.I.O,Guruh,Shartnoma,Tasdiq,Fayl holati,Jiddiy kamchiliklar,Eslatmalar,Izoh
6,G'iyosova Shodiyona,26-01,125,TASDIQLANDI,FAYL_YOQ,SHARTNOMA FAYLI YO‘Q,e-shahodatnoma QR havolasi yo‘q | telefon raqami yo‘q | ism mosligi tekshirilmagan,
8,Ibodullayeva Asilzoda,26-01,129,TASDIQLANDI,FAYL_YOQ,SHARTNOMA FAYLI YO‘Q,e-shahodatnoma QR havolasi yo‘q | telefon raqami yo‘q | ism mosligi tekshirilmagan,
10,Miliyeva Umida,26-01,281,TASDIQLANDI,FAYL_YOQ,SHARTNOMA FAYLI YO‘Q,e-shahodatnoma QR havolasi yo‘q | telefon raqami yo‘q | ism mosligi tekshirilmagan,
22,Ilhomova Zuhra,26-02,—,TASDIQLANDI,FAYL_YOQ,SHARTNOMA FAYLI YO‘Q | Shartnoma raqami yo‘q,e-shahodatnoma QR havolasi yo‘q | telefon raqami yo‘q | ism mosligi tekshirilmagan,Fayl yuklanmagan (Olimova Zuxraning adashib birikkan begona ma'lumotlari olib tashlandi).
27,Meyliqulova Hilola,26-02,60,TASDIQLANDI,FAYL_YOQ,SHARTNOMA FAYLI YO‘Q,e-shahodatnoma QR havolasi yo‘q | telefon raqami yo‘q | ism mosligi tekshirilmagan,
47,Aliqulova Shaxzoda,26-03,272,TASDIQLANDI,FAYL_YOQ,SHARTNOMA FAYLI YO‘Q,e-shahodatnoma QR havolasi yo‘q | telefon raqami yo‘q | ism mosligi tekshirilmagan,
49,Eshnazarova Dilnoza,26-03,221,TASDIQLANDI,FAYL_YOQ,SHARTNOMA FAYLI YO‘Q,e-shahodatnoma QR havolasi yo‘q | telefon raqami yo‘q | ism mosligi tekshirilmagan,
54,Mansurova Gulasal,26-03,301,TASDIQLANDI,CHALA,Shahodatnoma/diplom seriyasi yo‘q | Tugatgan o‘qish joyi yo‘q | Bitirgan yili yo‘q,ta’lim hujjati turi ko‘rsatilmagan | ism mosligi tekshirilmagan | fayl chala — hamma rasm yuklanmagan,
55,Mustafayeva Madina,26-03,—,TASDIQLANDI,FAYL_YOQ,SHARTNOMA FAYLI YO‘Q | Shartnoma raqami yo‘q,e-shahodatnoma QR havolasi yo‘q | telefon raqami yo‘q | ism mosligi tekshirilmagan,Fayl yo'q (Mustafoyeva Madina 282.docx fayli boshqa shaxs — Ortiq qiziga tegishli bo'lgani uchun uzildi)
56,Niyozova Komila,26-03,—,KUTILMOQDA,FAYL_YOQ,SHARTNOMA FAYLI YO‘Q | Pasport/ID raqami yo‘q | JSHSHIR yo‘q | Tug‘ilgan sana yo‘q | Shahodatnoma/diplom seriyasi yo‘q | Tugatgan o‘qish joyi yo‘q | Bitirgan yili yo‘q | Shartnoma raqami yo‘q,pasport berilgan sanasi yo‘q | ta’lim hujjati turi ko‘rsatilmagan | telefon raqami yo‘q | otasining ismi yo‘q | ism mosligi tekshirilmagan,
60,Primova Husnora,26-03,251,TASDIQLANDI,FAYL_YOQ,SHARTNOMA FAYLI YO‘Q,e-shahodatnoma QR havolasi yo‘q | telefon raqami yo‘q | ism mosligi tekshirilmagan,
61,Rayimova Nozliya,26-03,—,TASDIQLANDI,FAYL_YOQ,SHARTNOMA FAYLI YO‘Q | Shartnoma raqami yo‘q,e-shahodatnoma QR havolasi yo‘q | telefon raqami yo‘q | ism mosligi tekshirilmagan,
63,Rustamova Charos,26-03,—,KUTILMOQDA,HUJJAT XATO,FAYL BOSHQA TALABANING MA’LUMOTINI SAQLAYDI | Pasport/ID raqami yo‘q | JSHSHIR yo‘q | Tug‘ilgan sana yo‘q | Shahodatnoma/diplom seriyasi yo‘q | Tugatgan o‘qish joyi yo‘q | Bitirgan yili yo‘q | Shartnoma raqami yo‘q,pasport berilgan sanasi yo‘q | ta’lim hujjati turi ko‘rsatilmagan | telefon raqami yo‘q | otasining ismi yo‘q | ism mosligi tekshirilmagan,Rustamova Charos O`ktam qizi 309.docx fayli boshqa talabaning ma'lumotini saqlaydi — hujjatlar qaytadan so'ralsin (tekshiruv 20.09.2026)
68,Temirova Rushana,26-03,—,TASDIQLANDI,FAYL_YOQ,SHARTNOMA FAYLI YO‘Q | Shartnoma raqami yo‘q,e-shahodatnoma QR havolasi yo‘q | telefon raqami yo‘q | ism mosligi tekshirilmagan,
70,Umirova Sevinch,26-03,298,TASDIQLANDI,CHALA,JSHSHIR formati noto‘g‘ri,e-shahodatnoma QR havolasi yo‘q | ism mosligi tekshirilmagan | fayl chala — hamma rasm yuklanmagan,
77,Abdixalilova Shahzoda,26-04,—,TASDIQLANDI,TOPILDI,Shartnoma raqami yo‘q,telefon raqami yo‘q,TEKSHIRILSIN: imlo farqi — ID-karta MRZ: 'ABDIXALILOVA SHOHZODA' | bazada: 'Abdixalilova Shahzoda'; imlo farqi — Shahodatnoma PDF: 'Abdixalilova Shohzoda Bahodir qizi' | bazada: 'Abdixalilova Shahzoda'
83,Hamraqulova Marjona,26-04,—,TASDIQLANDI,TOPILDI,Shartnoma raqami yo‘q,telefon raqami yo‘q,TEKSHIRILSIN: imlo farqi — ID-karta MRZ: 'HAMROQULOVA MARJONA' | bazada: 'Hamraqulova Marjona'; imlo farqi — Shahodatnoma PDF: 'Hamroqulova Marjona O'ktam qizi' | bazada: 'Hamraqulova Marjona'
85,Jalolov Javlonbek,26-04,211,TASDIQLANDI,FAYL_YOQ,SHARTNOMA FAYLI YO‘Q,e-shahodatnoma QR havolasi yo‘q | telefon raqami yo‘q | ism mosligi tekshirilmagan,
86,Karimova Shaxina,26-04,—,TASDIQLANDI,FAYL_YOQ,SHARTNOMA FAYLI YO‘Q | Shartnoma raqami yo‘q,e-shahodatnoma QR havolasi yo‘q | telefon raqami yo‘q | ism mosligi tekshirilmagan,
88,Maxmudova Musallam,26-04,—,KUTILMOQDA,HUJJAT XATO,FAYL BOSHQA TALABANING MA’LUMOTINI SAQLAYDI | Pasport/ID raqami yo‘q | JSHSHIR yo‘q | Tug‘ilgan sana yo‘q | Shahodatnoma/diplom seriyasi yo‘q | Tugatgan o‘qish joyi yo‘q | Bitirgan yili yo‘q | Shartnoma raqami yo‘q,pasport berilgan sanasi yo‘q | ta’lim hujjati turi ko‘rsatilmagan | telefon raqami yo‘q | ism mosligi tekshirilmagan,Maxmudova Musallam 311.docx fayli boshqa talabaning ma'lumotini saqlaydi — hujjatlar qaytadan so'ralsin (tekshiruv 20.09.2026)
92,Qodirova Sabina,26-04,—,KUTILMOQDA,FAYL_YOQ,SHARTNOMA FAYLI YO‘Q | Pasport/ID raqami yo‘q | JSHSHIR yo‘q | Tug‘ilgan sana yo‘q | Shahodatnoma/diplom seriyasi yo‘q | Tugatgan o‘qish joyi yo‘q | Bitirgan yili yo‘q | Shartnoma raqami yo‘q,pasport berilgan sanasi yo‘q | ta’lim hujjati turi ko‘rsatilmagan | telefon raqami yo‘q | ism mosligi tekshirilmagan,Fayl yo'q (Qodirova Shabnam 137.docx fayli boshqa shaxs — Shabnam O'tkir qiziga tegishli bo'lgani uchun uzildi)
93,Soyipova Dinora,26-04,—,TASDIQLANDI,FAYL_YOQ,SHARTNOMA FAYLI YO‘Q | Shartnoma raqami yo‘q,e-shahodatnoma QR havolasi yo‘q | telefon raqami yo‘q | ism mosligi tekshirilmagan,
96,Tuychiyeva Farzona,26-04,280,TASDIQLANDI,TOPILDI,JSHSHIR yo‘q,,ID-karta AE4114421 va Shahodatnoma UM 00064269 bo'yicha to'liq tasdiqlandi (#280)
98,Xannonova Shohsanam,26-04,181,TASDIQLANDI,CHALA,Shahodatnoma/diplom seriyasi yo‘q | Tugatgan o‘qish joyi yo‘q | Bitirgan yili yo‘q,ta’lim hujjati turi ko‘rsatilmagan | fayl chala — hamma rasm yuklanmagan,
99,Xo'jaqulova Navbahor,26-04,—,KUTILMOQDA,FAYL_YOQ,SHARTNOMA FAYLI YO‘Q | Pasport/ID raqami yo‘q | JSHSHIR yo‘q | Tug‘ilgan sana yo‘q | Shahodatnoma/diplom seriyasi yo‘q | Tugatgan o‘qish joyi yo‘q | Bitirgan yili yo‘q | Shartnoma raqami yo‘q,pasport berilgan sanasi yo‘q | ta’lim hujjati turi ko‘rsatilmagan | telefon raqami yo‘q | ism mosligi tekshirilmagan,
100,Xolmurodova Dilnura,26-04,—,KUTILMOQDA,FAYL_YOQ,SHARTNOMA FAYLI YO‘Q | Pasport/ID raqami yo‘q | JSHSHIR yo‘q | Tug‘ilgan sana yo‘q | Shahodatnoma/diplom seriyasi yo‘q | Tugatgan o‘qish joyi yo‘q | Bitirgan yili yo‘q | Shartnoma raqami yo‘q,pasport berilgan sanasi yo‘q | ta’lim hujjati turi ko‘rsatilmagan | telefon raqami yo‘q | ism mosligi tekshirilmagan,
121,Ne'matova Sevinch,26-05,—,TASDIQLANDI,FAYL_YOQ,SHARTNOMA FAYLI YO‘Q | Shartnoma raqami yo‘q,e-shahodatnoma QR havolasi yo‘q | telefon raqami yo‘q | ism mosligi tekshirilmagan,Fayl yuklanmagan (Nurmatova Sevinchning adashib birikkan begona ma'lumotlari olib tashlandi).
124,Oripova Sevinch,26-05,—,TASDIQLANDI,FAYL_YOQ,SHARTNOMA FAYLI YO‘Q | Shartnoma raqami yo‘q,e-shahodatnoma QR havolasi yo‘q | telefon raqami yo‘q | ism mosligi tekshirilmagan,
135,Abduxoliqova Elmira,26-06,—,TASDIQLANDI,TOPILDI,Shartnoma raqami yo‘q,telefon raqami yo‘q,TEKSHIRILSIN: imlo farqi — ID-karta MRZ: 'ABDIXOLIQOVA ELMIRA' | bazada: 'Abduxoliqova Elmira'; imlo farqi — Shahodatnoma PDF: 'Abdixoliqova Elmira Farxod qizi' | bazada: 'Abduxoliqova Elmira'
146,Muminova Durdona,26-06,—,KUTILMOQDA,FAYL_YOQ,SHARTNOMA FAYLI YO‘Q | Pasport/ID raqami yo‘q | JSHSHIR yo‘q | Tug‘ilgan sana yo‘q | Shahodatnoma/diplom seriyasi yo‘q | Tugatgan o‘qish joyi yo‘q | Bitirgan yili yo‘q | Shartnoma raqami yo‘q,pasport berilgan sanasi yo‘q | ta’lim hujjati turi ko‘rsatilmagan | telefon raqami yo‘q | ism mosligi tekshirilmagan,Fayl yuklanmagan (Raxmonova Durdonaning adashib birikkan begona ma'lumotlari olib tashlandi).
149,Niyozova Sevara,26-06,—,KUTILMOQDA,FAYL_YOQ,SHARTNOMA FAYLI YO‘Q | Pasport/ID raqami yo‘q | JSHSHIR yo‘q | Tug‘ilgan sana yo‘q | Shahodatnoma/diplom seriyasi yo‘q | Tugatgan o‘qish joyi yo‘q | Bitirgan yili yo‘q | Shartnoma raqami yo‘q,pasport berilgan sanasi yo‘q | ta’lim hujjati turi ko‘rsatilmagan | telefon raqami yo‘q | otasining ismi yo‘q | ism mosligi tekshirilmagan,
157,Sayfullayeva Shodiyona,26-06,—,TASDIQLANDI,TOPILDI,Shartnoma raqami yo‘q,telefon raqami yo‘q,TEKSHIRILSIN: imlo farqi — ID-karta MRZ: 'SAYFILLAYEVA SHODIYONA' | bazada: 'Sayfullayeva Shodiyona'; imlo farqi — Shahodatnoma PDF: 'Sayfillayeva Shodiyona Sayfilla qizi' | bazada: 'Sayfullayeva Shodiyona'
165,Nazarova Munisa,26-07,258,TASDIQLANDI,CHALA,Shahodatnoma/diplom seriyasi yo‘q | Tugatgan o‘qish joyi yo‘q | Bitirgan yili yo‘q,ta’lim hujjati turi ko‘rsatilmagan | fayl chala — hamma rasm yuklanmagan,
167,Salayeva Dilroz,26-07,205,KUTILMOQDA,FAYL_YOQ,SHARTNOMA FAYLI YO‘Q | Pasport/ID raqami yo‘q | JSHSHIR yo‘q | Tug‘ilgan sana yo‘q | Shahodatnoma/diplom seriyasi yo‘q | Tugatgan o‘qish joyi yo‘q | Bitirgan yili yo‘q,pasport berilgan sanasi yo‘q | ta’lim hujjati turi ko‘rsatilmagan | telefon raqami yo‘q | otasining ismi yo‘q | ism mosligi tekshirilmagan,
2,Abdurahmonova Parvinabonu,26-01,203,TASDIQLANDI,TOPILDI,,telefon raqami yo‘q,
3,Arziqulova Amina,26-01,182,TASDIQLANDI,TOPILDI,,telefon raqami yo‘q,
4,Axmedova Saodat,26-01,265,TASDIQLANDI,CHALA,,e-shahodatnoma QR havolasi yo‘q | telefon raqami yo‘q | fayl chala — hamma rasm yuklanmagan,
5,Azamatova Charos,26-01,229,TASDIQLANDI,TOPILDI,,telefon raqami yo‘q,
7,Hazratova Farzona,26-01,167,TASDIQLANDI,TOPILDI,,telefon raqami yo‘q,
9,Majidova Namuna,26-01,12,TASDIQLANDI,TOPILDI,,e-shahodatnoma QR havolasi yo‘q | telefon raqami yo‘q | ism mosligi tekshirilmagan,
11,Murodullayev Azizbek,26-01,175,TASDIQLANDI,TOPILDI,,telefon raqami yo‘q,
12,Numonova Jasmina,26-01,106,TASDIQLANDI,TOPILDI,,telefon raqami yo‘q,
13,Ravshanova Ruxshona,26-01,160,TASDIQLANDI,TOPILDI,,telefon raqami yo‘q,PINFL ID-karta MRZ dan tuzatildi (edi: 60204095590028).
14,Turayeva Dilsuz,26-01,268,TASDIQLANDI,TOPILDI,,telefon raqami yo‘q,
15,Turg'unova Jasmina,26-01,222,TASDIQLANDI,CHALA,,e-shahodatnoma QR havolasi yo‘q | telefon raqami yo‘q | fayl chala — hamma rasm yuklanmagan,
16,Ziyodullayeva Jasmina,26-01,233,TASDIQLANDI,TOPILDI,,telefon raqami yo‘q,
17,Berdiqulova Gulshan,26-02,239,TASDIQLANDI,TOPILDI,,e-shahodatnoma QR havolasi yo‘q | telefon raqami yo‘q,
18,Eshmurotova Charos,26-02,110,TASDIQLANDI,TOPILDI,,telefon raqami yo‘q,
19,G'aybullayeva Ruxsora,26-02,236,TASDIQLANDI,TOPILDI,,telefon raqami yo‘q,
20,Hamroqulova Farzona,26-02,278,TASDIQLANDI,TOPILDI,,telefon raqami yo‘q,
21,Hasanova Marjona,26-02,192,TASDIQLANDI,TOPILDI,,telefon raqami yo‘q,PINFL ID-karta MRZ dan tuzatildi (edi: 60411085590028).
23,Islomova Nilufar,26-02,94,TASDIQLANDI,TOPILDI,,telefon raqami yo‘q,
24,Jalolova Rayxona,26-02,262,TASDIQLANDI,TOPILDI,,telefon raqami yo‘q,
25,Javliyeva Nargiza,26-02,173,TASDIQLANDI,TOPILDI,,telefon raqami yo‘q,
26,Maxmashoxova Feruza,26-02,101,TASDIQLANDI,TOPILDI,,telefon raqami yo‘q,
28,Nu'monova Saidabonu,26-02,38,TASDIQLANDI,TOPILDI,,telefon raqami yo‘q,
30,Ochildiyeva Dinora,26-02,87,TASDIQLANDI,TOPILDI,,telefon raqami yo‘q,TEKSHIRILSIN: imlo farqi — ID-karta MRZ: 'OCHILDIYEVA DINORA' | bazada: 'Ochildiyeva Dinara'; imlo farqi — Shahodatnoma PDF: 'Ochildiyeva Dinora Otabek qizi' | bazada: 'Ochildiyeva Dinara'
31,Quysinova Ruhshona,26-02,242,TASDIQLANDI,TOPILDI,,telefon raqami yo‘q,TEKSHIRILSIN: imlo farqi — ID-karta MRZ: 'QUYSINOVA ROHSHONA' | bazada: 'Quysinova Ruhshona'; imlo farqi — Shahodatnoma PDF: 'Quysinova Rohshona To'lqin qizi' | bazada: 'Quysinova Ruhshona'
32,Ruzimurodova Larisa,26-02,100,TASDIQLANDI,TOPILDI,,telefon raqami yo‘q,TEKSHIRILSIN: imlo farqi — Shahodatnoma PDF: 'Ro'zimurodova Larisa Maxmatali qizi' | bazada: 'Ruzimurodova Larisa'
34,Samadova Nigora,26-02,84,TASDIQLANDI,TOPILDI,,e-shahodatnoma QR havolasi yo‘q | telefon raqami yo‘q,
33,Saydalimova Ruxshona,26-02,74,TASDIQLANDI,TOPILDI,,telefon raqami yo‘q,"Familiyadagi xato tuzatildi: Saydalimova Ruxshona Sharofiddin qizi (ID-karta AE3352294, Shahodatnoma UM 03754198, shartnoma #74)"
35,Shukriyeva Nariye,26-02,162,TASDIQLANDI,TOPILDI,,telefon raqami yo‘q,
36,Suyunova Maftuna,26-02,122,TASDIQLANDI,TOPILDI,,e-shahodatnoma QR havolasi yo‘q | telefon raqami yo‘q,PINFL pasport MRZ dan tuzatildi (edi: 61409005680028). Ta'lim hujjati almashtirildi: avval boshqa talabaning (Rasulova Husnobod) shahodatnomasi UM 01891815 yozilgan edi; haqiqiysi — kasb-hunar kolleji diplomi.
37,To'raboyeva Sabrina,26-02,6,TASDIQLANDI,TOPILDI,,telefon raqami yo‘q,
38,To'xtayeva Durdona,26-02,161,TASDIQLANDI,CHALA,,e-shahodatnoma QR havolasi yo‘q | telefon raqami yo‘q | fayl chala — hamma rasm yuklanmagan,
39,Tosheva Aziza,26-02,11,TASDIQLANDI,TOPILDI,,e-shahodatnoma QR havolasi yo‘q | telefon raqami yo‘q,
40,Tursunov Sohibjon,26-02,220,TASDIQLANDI,TOPILDI,,telefon raqami yo‘q,
41,Umarova Iroda,26-02,73,TASDIQLANDI,TOPILDI,,telefon raqami yo‘q,
29,Uraqova Jasmina,26-02,148,TASDIQLANDI,TOPILDI,,telefon raqami yo‘q,TEKSHIRILSIN: imlo farqi — ID-karta MRZ: 'UROQOVA JASMINA' | bazada: 'O'roqova Jasmina'; imlo farqi — Shahodatnoma PDF: 'Uroqova Jasmina Jasur qizi' | bazada: 'O'roqova Jasmina'
42,Usmanova Iroda,26-02,279,TASDIQLANDI,CHALA,,e-shahodatnoma QR havolasi yo‘q | telefon raqami yo‘q | fayl chala — hamma rasm yuklanmagan,
43,Xasanova Dilnura,26-02,166,TASDIQLANDI,CHALA,,e-shahodatnoma QR havolasi yo‘q | telefon raqami yo‘q | fayl chala — hamma rasm yuklanmagan,
44,Xurramova Shodiya,26-02,2,TASDIQLANDI,TOPILDI,,e-shahodatnoma QR havolasi yo‘q | telefon raqami yo‘q,Fayl qo'lda tasdiqlandi: Xurramova Shodiya.docx (#02). Pasport AC1967100 va attestat UM 0438281 rasmlari bilan to'liq mos.
45,Yorboboyeva Mahliyo,26-02,75,TASDIQLANDI,TOPILDI,,telefon raqami yo‘q,
46,Abdijalolova Dilnura,26-03,303,TASDIQLANDI,TOPILDI,,e-shahodatnoma QR havolasi yo‘q,
48,Arziqulova Laylo,26-03,79,TASDIQLANDI,TOPILDI,,telefon raqami yo‘q,
50,Fayzullayeva Sarvinoz,26-03,152,TASDIQLANDI,TOPILDI,,telefon raqami yo‘q,
51,Holmamatova Shohista,26-03,243,TASDIQLANDI,TOPILDI,,telefon raqami yo‘q,
52,Ibragimova Gulnoza,26-03,308,TASDIQLANDI,TOPILDI,,,
53,Jurayeva Dilnoz,26-03,89,TASDIQLANDI,TOPILDI,,e-shahodatnoma QR havolasi yo‘q | telefon raqami yo‘q,
57,Norboboyeva Farangiz,26-03,231,TASDIQLANDI,TOPILDI,,telefon raqami yo‘q,
58,Pardaqulova Farzona,26-03,90,TASDIQLANDI,TOPILDI,,telefon raqami yo‘q,
59,Pardayeva Farangiz,26-03,105,TASDIQLANDI,TOPILDI,,telefon raqami yo‘q,
62,Rasulova Husnobod,26-03,392,TASDIQLANDI,TOPILDI,,e-shahodatnoma QR havolasi yo‘q | telefon raqami yo‘q,"KARANTIN: ❌ Bir xil Shahodatnoma (UM 01891815) 2 ta talabada: Suyunova Maftuna [26-02], Rasulova Husnobod [26-03]; ❌ Bir xil QR havola (https://e-shahodatnoma.uz/api/public/getcertpdf/921114/889651/0cca6b2c-74dd-4711-d168-08db6f99367e?preview=true) 2 ta talaba"
64,Sayfiyeva Zarina,26-03,37,TASDIQLANDI,TOPILDI,,telefon raqami yo‘q,
65,Sayidova Dilafro'z,26-03,263,TASDIQLANDI,TOPILDI,,telefon raqami yo‘q,
66,Shamsiyeva Fotima,26-03,107,TASDIQLANDI,TOPILDI,,telefon raqami yo‘q,
67,Shukurova Zilola,26-03,172,TASDIQLANDI,TOPILDI,,e-shahodatnoma QR havolasi yo‘q | telefon raqami yo‘q,
69,Toshpo'latova Asila,26-03,112,TASDIQLANDI,TOPILDI,,telefon raqami yo‘q,
71,Usmonova Yulduz,26-03,209,TASDIQLANDI,TOPILDI,,telefon raqami yo‘q,
72,Xaydarova Iroda,26-03,113,TASDIQLANDI,TOPILDI,,telefon raqami yo‘q,
73,Xayrullayeva Umida,26-03,116,TASDIQLANDI,TOPILDI,,e-shahodatnoma QR havolasi yo‘q | telefon raqami yo‘q | ism mosligi tekshirilmagan,
74,Xolmaxmatova Sevinch,26-03,108,TASDIQLANDI,TOPILDI,,telefon raqami yo‘q,
75,Xurramova Lobar,26-03,234,TASDIQLANDI,TOPILDI,,telefon raqami yo‘q,
76,A'zamov Shoxjaxon,26-04,86,TASDIQLANDI,TOPILDI,,telefon raqami yo‘q,
78,Abdiyeva Sabina,26-04,140,TASDIQLANDI,TOPILDI,,telefon raqami yo‘q,
79,Abdurahmonova Zahrobonu,26-04,204,TASDIQLANDI,TOPILDI,,telefon raqami yo‘q,
80,Eshpulatova Shahnoza,26-04,135,TASDIQLANDI,TOPILDI,,telefon raqami yo‘q,
81,Eshquvatova Yulduz,26-04,267,TASDIQLANDI,TOPILDI,,e-shahodatnoma QR havolasi yo‘q,
82,Halimova Sevinch,26-04,26,TASDIQLANDI,TOPILDI,,,
84,Isomiddinova Ruxshona,26-04,65,TASDIQLANDI,TOPILDI,,e-shahodatnoma QR havolasi yo‘q,"Haqiqiy shartnoma (#65), ID-karta AD7684354 va shahodatnoma UM 03728181 bilan tasdiqlandi."
87,Mahmudova Gulsanam,26-04,277,TASDIQLANDI,TOPILDI,,,
89,Murodova Ruxshona,26-04,72,TASDIQLANDI,TOPILDI,,telefon raqami yo‘q,
90,Nafasova Sevinch,26-04,266,TASDIQLANDI,TOPILDI,,,
91,Pirnazarova Jasmina,26-04,13,TASDIQLANDI,TOPILDI,,telefon raqami yo‘q,
94,Suyarova Dinora,26-04,306,TASDIQLANDI,TOPILDI,,e-shahodatnoma QR havolasi yo‘q,"KARANTIN: ❌ Bir xil PINFL (60108085590037) 2 ta talabada: Rustamova Charos [26-03], Suyarova Dinora [26-04]; ❌ Bir xil Pasport (AD9863476) 2 ta talabada: Rustamova Charos [26-03], Suyarova Dinora [26-04]; ❌ Bir xil Shahodatnoma (UM 03755218) 2 ta talabada: Rus | Operator: begona xujjat ma'lumotlari kerak emas || HAL QILINDI 20.09.2026: takror PINFL sababi — 309/311 fayllari nusxa edi; asl egalarining qatorlari tozalandi."
95,Temirboyeva Iroda,26-04,20,TASDIQLANDI,TOPILDI,,telefon raqami yo‘q,
97,Xamdamova Madina,26-04,14,TASDIQLANDI,TOPILDI,,e-shahodatnoma QR havolasi yo‘q,"Operator: faqat 42701015680026 jshshr xato yozilibdi
to'g'risi: 62701015680026"
101,Xurramova Shahnoza,26-04,29,TASDIQLANDI,TOPILDI,,e-shahodatnoma QR havolasi yo‘q,
102,Xurramova Shahrizoda,26-04,96,TASDIQLANDI,TOPILDI,,telefon raqami yo‘q,
103,Xusanova Aziza,26-04,196,TASDIQLANDI,TOPILDI,,telefon raqami yo‘q,PINFL ID-karta MRZ dan tuzatildi (edi: 60110085590028).
104,Zayidova Shaboda,26-04,387,TASDIQLANDI,TOPILDI,,telefon raqami yo‘q,
105,Abdishukurova Gulsevar,26-05,238,TASDIQLANDI,TOPILDI,,telefon raqami yo‘q,
106,Ashirova Gulsanam,26-05,224,TASDIQLANDI,TOPILDI,,telefon raqami yo‘q,
107,Axmadova Munisa,26-05,33,TASDIQLANDI,TOPILDI,,telefon raqami yo‘q,
108,Berdimurodova Nafosat,26-05,46,TASDIQLANDI,TOPILDI,,telefon raqami yo‘q,PINFL ID-karta QR dan tuzatildi (edi: 60904075590028).
109,Choriyeva Zaxro,26-05,109,TASDIQLANDI,TOPILDI,,e-shahodatnoma QR havolasi yo‘q | telefon raqami yo‘q,
110,Ergashova Shabbona,26-05,123,TASDIQLANDI,TOPILDI,,e-shahodatnoma QR havolasi yo‘q | telefon raqami yo‘q,TEKSHIRILSIN: imlo farqi — ID-karta MRZ: 'ERGASHEVA SHABBONA' | bazada: 'Ergashova Shabbona'
111,Eshboboyeva Fotima,26-05,45,TASDIQLANDI,TOPILDI,,e-shahodatnoma QR havolasi yo‘q | telefon raqami yo‘q,
112,G'ayratova Jasmina,26-05,97,TASDIQLANDI,TOPILDI,,e-shahodatnoma QR havolasi yo‘q | telefon raqami yo‘q,"KARANTIN: ❌ Bir xil PINFL (60208085590146) 2 ta talabada: Isomiddinova Ruxshona [26-04], G'ayratova Jasmina [26-05]; ❌ Bir xil Pasport (AE3497923) 2 ta talabada: Isomiddinova Ruxshona [26-04], G'ayratova Jasmina [26-05]; ❌ Bir xil Shahodatnoma (UM 03754785) 2"
113,Ixtiyorova Niginabonu,26-05,227,TASDIQLANDI,TOPILDI,,telefon raqami yo‘q,
114,Jabborova Bahoroy,26-05,202,TASDIQLANDI,TOPILDI,,telefon raqami yo‘q,
115,Jalilova Jasmina,26-05,95,TASDIQLANDI,TOPILDI,,telefon raqami yo‘q,
116,Jumayeva Muhlisa,26-05,60,TASDIQLANDI,TOPILDI,,e-shahodatnoma QR havolasi yo‘q,"Haqiqiy shartnoma (#60), Pasport AB6258375 va Kollej diplomi K 0349228 bilan tasdiqlandi."
117,Jurayeva Madina,26-05,215,TASDIQLANDI,TOPILDI,,telefon raqami yo‘q,PINFL ID-karta MRZ dan tuzatildi (edi: 62512075590018).
118,Luxmonova Nozima,26-05,139,TASDIQLANDI,TOPILDI,,telefon raqami yo‘q,
119,Murodova Munisa,26-05,169,TASDIQLANDI,TOPILDI,,e-shahodatnoma QR havolasi yo‘q | telefon raqami yo‘q | ism mosligi tekshirilmagan,
120,Muzrapova Ruhshona,26-05,69,TASDIQLANDI,TOPILDI,,e-shahodatnoma QR havolasi yo‘q,
122,Normurodova Gulsanam,26-05,136,TASDIQLANDI,TOPILDI,,e-shahodatnoma QR havolasi yo‘q | telefon raqami yo‘q,
123,Omonova Charos,26-05,230,TASDIQLANDI,TOPILDI,,e-shahodatnoma QR havolasi yo‘q | telefon raqami yo‘q,
125,Ozodova Klara,26-05,285,TASDIQLANDI,TOPILDI,,,
126,Saidova Dilso'z,26-05,67,TASDIQLANDI,TOPILDI,,telefon raqami yo‘q,
127,Sharipova Diyora,26-05,57,TASDIQLANDI,TOPILDI,,telefon raqami yo‘q,
128,Toshmurodova Sarvara,26-05,388,TASDIQLANDI,TOPILDI,,e-shahodatnoma QR havolasi yo‘q | telefon raqami yo‘q,
129,Tursunova Aziza,26-05,276,TASDIQLANDI,TOPILDI,,telefon raqami yo‘q,
130,Tursunova Fotima,26-05,218,TASDIQLANDI,TOPILDI,,telefon raqami yo‘q,
131,Tursunova Zuhra,26-05,219,TASDIQLANDI,TOPILDI,,telefon raqami yo‘q,
132,Usmonova Sabrina,26-05,188,TASDIQLANDI,TOPILDI,,telefon raqami yo‘q,
133,Xolmirzayeva Zebiniso,26-05,183,TASDIQLANDI,TOPILDI,,e-shahodatnoma QR havolasi yo‘q | telefon raqami yo‘q,TEKSHIRILSIN: imlo farqi — ID-karta MRZ: 'XOLMIRZAYEVA ZEBUNISO' | bazada: 'Xolmirzayeva Zebiniso'
134,Yo'ldosheva Ruxshona,26-05,118,TASDIQLANDI,TOPILDI,,e-shahodatnoma QR havolasi yo‘q | telefon raqami yo‘q,TEKSHIRILSIN: imlo farqi — ID-karta MRZ: 'YULDOSHEVA RUHSHONA' | bazada: 'Yo'ldosheva Ruxshona'
136,Bahodirova Asila,26-06,44,TASDIQLANDI,TOPILDI,,telefon raqami yo‘q,
137,Davlatova Gulnoza,26-06,310,TASDIQLANDI,TOPILDI,,e-shahodatnoma QR havolasi yo‘q,"KARANTIN: ❌ Bir xil PINFL (41508955590021) 2 ta talabada: Maxmudova Musallam [26-04], Davlatova Gulnoza [26-06]; ❌ Bir xil Pasport (AD8208717) 2 ta talabada: Maxmudova Musallam [26-04], Davlatova Gulnoza [26-06] || HAL QILINDI 20.09.2026: takror PINFL sababi — 309/311 fayllari nusxa edi; asl egalarining qatorlari tozalandi."
138,Eshimova Zilola,26-06,174,TASDIQLANDI,CHALA,,e-shahodatnoma QR havolasi yo‘q | telefon raqami yo‘q | fayl chala — hamma rasm yuklanmagan,
139,Jalilova Shabnam,26-06,17,TASDIQLANDI,TOPILDI,,telefon raqami yo‘q,
140,Jumayeva Xusnida,26-06,18,TASDIQLANDI,TOPILDI,,telefon raqami yo‘q,
141,Karimova Nozliya,26-06,250,TASDIQLANDI,TOPILDI,,telefon raqami yo‘q,
142,Mahmamurodova Sevara,26-06,390,TASDIQLANDI,TOPILDI,,e-shahodatnoma QR havolasi yo‘q | telefon raqami yo‘q,TEKSHIRILSIN: imlo farqi — ID-karta MRZ: 'MAHMADMURODOVA SEVARA' | bazada: 'Mahmamurodova Sevara' | KARANTIN: ❌ BOSHQA ODAM — ID-karta MRZ: 'MAHMADMURODOVA SEVARA' | bazada: 'Mahmamurodova Sevara' (fayl: Maxmudmurodova Sevara 390.docx)
143,Mahmudova Maftuna,26-06,120,TASDIQLANDI,TOPILDI,,telefon raqami yo‘q,
144,Mannonova Shahrizoda,26-06,199,TASDIQLANDI,TOPILDI,,telefon raqami yo‘q,
145,Maxmarajabova Zerda,26-06,253,TASDIQLANDI,TOPILDI,,telefon raqami yo‘q,
147,Muminova Sevinch,26-06,163,TASDIQLANDI,TOPILDI,,telefon raqami yo‘q,
148,Muxtorova Xadicha,26-06,176,TASDIQLANDI,TOPILDI,,telefon raqami yo‘q,
150,Nuraliyeva Sevinch,26-06,62,TASDIQLANDI,TOPILDI,,telefon raqami yo‘q,
151,Ortiqova Dilnoza,26-06,47,TASDIQLANDI,TOPILDI,,e-shahodatnoma QR havolasi yo‘q | telefon raqami yo‘q,
152,Qarshiyeva Shahlo,26-06,56,TASDIQLANDI,TOPILDI,,telefon raqami yo‘q,
153,Quchqarova Zebiniso,26-06,187,TASDIQLANDI,CHALA,,e-shahodatnoma QR havolasi yo‘q | telefon raqami yo‘q | fayl chala — hamma rasm yuklanmagan,Otasining ismi ID-karta AE1143288 bo'yicha 'Farhod qizi' deb tuzatildi (#187). Shahodatnoma kutilmoqda.
154,Samiyeva Sevinchbonu,26-06,271,TASDIQLANDI,CHALA,,telefon raqami yo‘q | fayl chala — hamma rasm yuklanmagan,
155,Sanaqulova Muxtarama,26-06,254,TASDIQLANDI,CHALA,,telefon raqami yo‘q | ism mosligi tekshirilmagan | fayl chala — hamma rasm yuklanmagan,
156,Sanaqulova Nozliya,26-06,32,TASDIQLANDI,TOPILDI,,e-shahodatnoma QR havolasi yo‘q | telefon raqami yo‘q | ism mosligi tekshirilmagan,
158,Turayeva Gulasal,26-06,21,TASDIQLANDI,TOPILDI,,telefon raqami yo‘q,
159,Xolmurodova Sabina,26-06,138,TASDIQLANDI,TOPILDI,,e-shahodatnoma QR havolasi yo‘q | telefon raqami yo‘q,
160,Yahyomurodova Gulsanam,26-06,247,TASDIQLANDI,TOPILDI,,telefon raqami yo‘q,
161,Zarifova Marjona,26-06,93,TASDIQLANDI,TOPILDI,,telefon raqami yo‘q,
162,G‘aniyeva Asila,26-07,381,TASDIQLANDI,TOPILDI,,e-shahodatnoma QR havolasi yo‘q,
163,Muhammadiyeva Gulbahor,26-07,81,TASDIQLANDI,TOPILDI,,e-shahodatnoma QR havolasi yo‘q,
164,Mustafayeva Nargiza,26-07,206,TASDIQLANDI,TOPILDI,,e-shahodatnoma QR havolasi yo‘q,Shartnoma raqami 206 tasdiqlandi (docx ichidagi raqam). Fayl nomidagi '205' xato — 205 Salayeva Dilrozga tegishli.
166,Narziyeva Intizor,26-07,212,TASDIQLANDI,TOPILDI,,e-shahodatnoma QR havolasi yo‘q | telefon raqami yo‘q,Familiya biometrik pasport AB5359926 va kasb-hunar kolleji diplomi K 5047841 bo'yicha 'Narziyeva' deb tasdiqlandi (#212)
168,Usmonova Gulnoza,26-07,283,TASDIQLANDI,TOPILDI,,e-shahodatnoma QR havolasi yo‘q | telefon raqami yo‘q,Shartnoma raqami 283 (fayl nomi bo'yicha). Docx ichida xato '271' yozilgan — 271 Samiyeva Sevinchbonuga tegishli (uning o'z docx fayli bilan tasdiqlangan).
169,Qodirova Shabnam,—,137,TASDIQLANDI,TOPILDI,,e-shahodatnoma QR havolasi yo‘q,"GURUH BELGILANMAGAN — yangi talaba, 20.09.2026 da qo'shildi (shartnoma 137, hujjatlari tasdiqlangan)."
